{
  "project_info": {
    "project_number": "756689768522",
    "project_id": "airsense-nure",
    "storage_bucket": "airsense-nure.firebasestorage.app"
  },
  "client": [
    {
      "client_info": {
        "mobilesdk_app_id": "1:756689768522:android:8c56b34f876756a26dd6b3",
        "android_client_info": {
          "package_name": "org.yooud.airsense"
        }
      },
      "oauth_client": [
        {
          "client_id": "756689768522-4sv7oc7umfjorj7kn67o9ts7vef1vnv3.apps.googleusercontent.com",
          "client_type": 3
        }
      ],
      "api_key": [
        {
          "current_key": "AIzaSyB1rSax6iKK9WYBhkYIH00twYrg3qT3h70"
        }
      ],
      "services": {
        "appinvite_service": {
          "other_platform_oauth_client": [
            {
              "client_id": "756689768522-4sv7oc7umfjorj7kn67o9ts7vef1vnv3.apps.googleusercontent.com",
              "client_type": 3
            }
          ]
        }
      }
    }
  ],
  "configuration_version": "1"
}